<beans xmlns="http://www.springframework.org/schema/beans"
       xmlns:xsi="http://www.w3.org/2001/XMLSchema-instance"
       xsi:schemaLocation="http://www.springframework.org/schema/beans
           http://www.springframework.org/schema/beans/spring-beans.xsd">
           <bean id="cbean" class="lab5.Customer">
           <!-- 	<property name="name" value="John Smith"/>
        	<property name="address" value="123 Main St"/>
        	<property name="email" value="john.smith@example.com"/>
        	-->
        	<property name="T2" ref="tbean"/>
           </bean>
           	
           <bean id="tbean" class="lab5.Ticket">
           <!-- 
             <property name="ticketNumber" value="123456"/>
        	<property name="description" value="Ticket for event XYZ"/>
           
            -->
           </bean>
           
           
           
           
           
           
</beans>
